-- phpMyAdmin SQL Dump
-- version 4.7.4
-- https://www.phpmyadmin.net/
--
-- Hôte : 127.0.0.1:3306
-- Généré le :  mar. 26 juin 2018 à 12:50
-- Version du serveur :  5.7.19
-- Version de PHP :  5.6.31

SET SQL_MODE = "NO_AUTO_VALUE_ON_ZERO";
SET AUTOCOMMIT = 0;
START TRANSACTION;
SET time_zone = "+00:00";


/*!40101 SET @OLD_CHARACTER_SET_CLIENT=@@CHARACTER_SET_CLIENT */;
/*!40101 SET @OLD_CHARACTER_SET_RESULTS=@@CHARACTER_SET_RESULTS */;
/*!40101 SET @OLD_COLLATION_CONNECTION=@@COLLATION_CONNECTION */;
/*!40101 SET NAMES utf8mb4 */;

--
-- Base de données :  `lares`
--

-- --------------------------------------------------------

--
-- Structure de la table `actionneur`
--

DROP TABLE IF EXISTS `actionneur`;
CREATE TABLE IF NOT EXISTS `actionneur` (
  `Id_actionneur` int(11) NOT NULL AUTO_INCREMENT,
  `Nom` varchar(255) NOT NULL,
  `Etat` varchar(255) NOT NULL,
  `Id_piece` int(11) NOT NULL,
  PRIMARY KEY (`Id_actionneur`)
) ENGINE=MyISAM DEFAULT CHARSET=latin1;

-- --------------------------------------------------------

--
-- Structure de la table `administrateur`
--

DROP TABLE IF EXISTS `administrateur`;
CREATE TABLE IF NOT EXISTS `administrateur` (
  `Id_person` int(11) NOT NULL AUTO_INCREMENT,
  `Niveau_d_admin` int(11) NOT NULL,
  PRIMARY KEY (`Id_person`)
) ENGINE=MyISAM AUTO_INCREMENT=50 DEFAULT CHARSET=latin1;

--
-- Déchargement des données de la table `administrateur`
--

INSERT INTO `administrateur` (`Id_person`, `Niveau_d_admin`) VALUES
(48, 2),
(49, 0);

-- --------------------------------------------------------

--
-- Structure de la table `capteur`
--

DROP TABLE IF EXISTS `capteur`;
CREATE TABLE IF NOT EXISTS `capteur` (
  `Id_capteur` int(11) NOT NULL AUTO_INCREMENT,
  `Nom` varchar(255) NOT NULL,
  `Id_piece` int(11) NOT NULL,
  PRIMARY KEY (`Id_capteur`)
) ENGINE=MyISAM AUTO_INCREMENT=104 DEFAULT CHARSET=latin1;

--
-- Déchargement des données de la table `capteur`
--

INSERT INTO `capteur` (`Id_capteur`, `Nom`, `Id_piece`) VALUES
(67, 'presence', 56),
(68, 'humidite', 57),
(69, 'lumiere', 57),
(70, 'thermometre', 57),
(103, 'thermometre', 79),
(77, 'presence', 56),
(101, 'lumiere', 78);

-- --------------------------------------------------------

--
-- Structure de la table `donnees`
--

DROP TABLE IF EXISTS `donnees`;
CREATE TABLE IF NOT EXISTS `donnees` (
  `Id_donnees` int(11) NOT NULL AUTO_INCREMENT,
  `Type_capteur` varchar(255) NOT NULL,
  `Id_logement` int(11) NOT NULL,
  `Id_piece` int(11) NOT NULL,
  `Valeur` varchar(255) NOT NULL,
  `Date` date NOT NULL,
  `Heure` time NOT NULL,
  PRIMARY KEY (`Id_donnees`)
) ENGINE=MyISAM AUTO_INCREMENT=1723 DEFAULT CHARSET=latin1;

--
-- Déchargement des données de la table `donnees`
--

INSERT INTO `donnees` (`Id_donnees`, `Type_capteur`, `Id_logement`, `Id_piece`, `Valeur`, `Date`, `Heure`) VALUES
(1322, 'luminosite', 49, 49, '50%', '2018-06-15', '11:37:28'),
(1321, 'luminosite', 49, 49, '50%', '2018-06-15', '11:37:24'),
(1320, 'luminosite', 49, 49, '50%', '2018-06-15', '11:37:20'),
(1319, 'luminosite', 49, 49, '50%', '2018-06-15', '11:37:16'),
(1318, 'luminosite', 49, 49, '50%', '2018-06-15', '11:37:11'),
(1317, 'presence', 49, 49, 'Non', '2018-06-15', '11:37:09'),
(1316, 'luminosite', 49, 49, '50%', '2018-06-15', '11:37:07'),
(1315, 'presence', 49, 49, 'Non', '2018-06-15', '11:37:05'),
(1314, 'luminosite', 49, 49, '50%', '2018-06-15', '11:37:03'),
(1313, 'presence', 49, 49, 'Non', '2018-06-15', '11:37:01'),
(1312, 'luminosite', 49, 49, '50%', '2018-06-15', '11:36:58'),
(1311, 'luminosite', 49, 49, '50%', '2018-06-15', '11:36:54'),
(1310, 'luminosite', 49, 49, '50%', '2018-06-15', '11:36:50'),
(1309, 'luminosite', 49, 49, '50%', '2018-06-15', '11:36:46'),
(1308, 'luminosite', 49, 49, '50%', '2018-06-15', '11:36:42'),
(1307, 'luminosite', 49, 49, '50%', '2018-06-15', '11:36:38'),
(1306, 'luminosite', 49, 49, '50%', '2018-06-15', '11:36:33'),
(1305, 'luminosite', 49, 49, '50%', '2018-06-15', '11:36:29'),
(1304, 'luminosite', 49, 49, '50%', '2018-06-15', '11:36:25'),
(1303, 'luminosite', 49, 49, '50%', '2018-06-15', '11:36:21'),
(1302, 'presence', 49, 49, 'Non', '2018-06-15', '11:36:19'),
(1301, 'luminosite', 49, 49, '50%', '2018-06-15', '11:36:17'),
(1300, 'presence', 49, 49, 'Non', '2018-06-15', '11:36:14'),
(1299, 'luminosite', 49, 49, '50%', '2018-06-15', '11:36:12'),
(1298, 'luminosite', 49, 49, '50%', '2018-06-15', '11:36:08'),
(1297, 'luminosite', 49, 49, '50%', '2018-06-15', '11:36:04'),
(1296, 'luminosite', 49, 49, '50%', '2018-06-15', '11:36:00'),
(1295, 'luminosite', 49, 49, '50%', '2018-06-15', '11:35:56'),
(1294, 'luminosite', 49, 49, '50%', '2018-06-15', '11:35:52'),
(1293, 'luminosite', 49, 49, '50%', '2018-06-15', '11:35:48'),
(1292, 'luminosite', 49, 49, '50%', '2018-06-15', '11:35:43'),
(1291, 'luminosite', 49, 49, '50%', '2018-06-15', '11:35:39'),
(1290, 'luminosite', 50, 50, '75%', '2018-06-15', '11:25:44'),
(1289, 'luminosite', 50, 50, '75%', '2018-06-15', '11:25:40'),
(1288, 'luminosite', 50, 50, '75%', '2018-06-15', '11:25:36'),
(1287, 'luminosite', 50, 50, '75%', '2018-06-15', '11:25:28'),
(1286, 'luminosite', 50, 50, '75%', '2018-06-15', '11:25:24'),
(1285, 'luminosite', 50, 50, '75%', '2018-06-15', '11:25:19'),
(1284, 'luminosite', 50, 50, '75%', '2018-06-15', '11:25:15'),
(1283, 'luminosite', 50, 50, '75%', '2018-06-15', '11:24:59'),
(1282, 'luminosite', 50, 50, '75%', '2018-06-15', '11:24:51'),
(1281, 'luminosite', 50, 50, '75%', '2018-06-15', '11:24:47'),
(1280, 'luminosite', 50, 50, '75%', '2018-06-15', '11:24:38'),
(1279, 'luminosite', 50, 50, '75%', '2018-06-15', '11:24:34'),
(1278, 'luminosite', 50, 50, '75%', '2018-06-15', '11:24:30'),
(1277, 'luminosite', 50, 50, '75%', '2018-06-15', '11:24:26'),
(1276, 'luminosite', 50, 50, '75%', '2018-06-15', '11:24:22'),
(1275, 'luminosite', 50, 50, '75%', '2018-06-15', '11:24:17'),
(1274, 'luminosite', 50, 50, '75%', '2018-06-15', '11:24:13'),
(1273, 'luminosite', 50, 50, '75%', '2018-06-15', '11:24:09'),
(1272, 'luminosite', 50, 50, '75%', '2018-06-15', '11:24:05'),
(1271, 'luminosite', 50, 50, '75%', '2018-06-15', '11:24:00'),
(1270, 'luminosite', 50, 50, '75%', '2018-06-15', '11:23:56'),
(1269, 'luminosite', 50, 50, '75%', '2018-06-15', '11:23:52'),
(1268, 'luminosite', 50, 50, '75%', '2018-06-15', '11:23:48'),
(1267, 'luminosite', 50, 50, '75%', '2018-06-15', '11:23:44'),
(1266, 'presence', 48, 48, 'Oui', '2018-06-15', '11:18:16'),
(1265, 'luminosite', 50, 50, '75%', '2018-06-15', '11:18:14'),
(1264, 'presence', 48, 48, 'Oui', '2018-06-15', '11:18:12'),
(1263, 'luminosite', 50, 50, '75%', '2018-06-15', '11:18:10'),
(1262, 'luminosite', 50, 50, '75%', '2018-06-15', '11:17:20'),
(1261, 'presence', 48, 48, 'Oui', '2018-06-15', '11:17:18'),
(1260, 'luminosite', 50, 50, '75%', '2018-06-15', '11:17:16'),
(1259, 'presence', 48, 48, 'Oui', '2018-06-15', '11:17:14'),
(1258, 'luminosite', 48, 48, '25%', '2018-06-15', '11:17:11'),
(1257, 'presence', 48, 48, 'Oui', '2018-06-15', '11:17:09'),
(1256, 'luminosite', 49, 49, '50%', '2018-06-15', '11:17:07'),
(1255, 'presence', 48, 48, 'Oui', '2018-06-15', '11:17:05'),
(1254, 'luminosite', 49, 49, '50%', '2018-06-15', '11:17:03'),
(1253, 'presence', 48, 48, 'Oui', '2018-06-15', '11:17:01'),
(1252, 'luminosite', 49, 49, '50%', '2018-06-15', '11:16:58'),
(1251, 'presence', 48, 48, 'Oui', '2018-06-15', '11:16:56'),
(1250, 'luminosite', 49, 49, '50%', '2018-06-15', '11:16:54'),
(1249, 'presence', 48, 48, 'Oui', '2018-06-15', '11:16:52'),
(1248, 'luminosite', 49, 49, '50%', '2018-06-15', '11:16:50'),
(1247, 'presence', 48, 48, 'Oui', '2018-06-15', '11:16:48'),
(1246, 'luminosite', 49, 49, '50%', '2018-06-15', '11:16:46'),
(1245, 'presence', 48, 48, 'Oui', '2018-06-15', '11:16:44'),
(1244, 'luminosite', 49, 49, '50%', '2018-06-15', '11:16:41'),
(1243, 'presence', 48, 48, 'Oui', '2018-06-15', '11:16:39'),
(1242, 'luminosite', 49, 49, '50%', '2018-06-15', '11:16:37'),
(1241, 'presence', 48, 48, 'Oui', '2018-06-15', '11:16:35'),
(1240, 'luminosite', 49, 49, '50%', '2018-06-15', '11:16:33'),
(1239, 'presence', 48, 48, 'Oui', '2018-06-15', '11:16:31'),
(1238, 'luminosite', 49, 49, '50%', '2018-06-15', '11:16:29'),
(1237, 'presence', 48, 48, 'Oui', '2018-06-15', '11:16:26'),
(1236, 'luminosite', 49, 49, '50%', '2018-06-15', '11:16:24'),
(1235, 'presence', 48, 48, 'Oui', '2018-06-15', '11:16:22'),
(1234, 'luminosite', 49, 49, '50%', '2018-06-15', '11:16:20'),
(1233, 'presence', 48, 48, 'Oui', '2018-06-15', '11:16:18'),
(1232, 'luminosite', 49, 49, '50%', '2018-06-15', '11:16:16'),
(1231, 'presence', 48, 48, 'Oui', '2018-06-15', '11:16:14'),
(1230, 'luminosite', 49, 49, '50%', '2018-06-15', '11:16:11'),
(1229, 'presence', 48, 48, 'Oui', '2018-06-15', '11:16:09'),
(1228, 'luminosite', 49, 49, '50%', '2018-06-15', '11:16:07'),
(1227, 'presence', 48, 48, 'Oui', '2018-06-15', '11:16:05'),
(1226, 'luminosite', 49, 49, '50%', '2018-06-15', '11:16:03'),
(1225, 'presence', 48, 48, 'Oui', '2018-06-15', '11:16:00'),
(1224, 'luminosite', 49, 49, '50%', '2018-06-15', '11:15:58'),
(1223, 'presence', 48, 48, 'Oui', '2018-06-15', '11:15:56'),
(1222, 'luminosite', 49, 49, '50%', '2018-06-15', '11:15:54'),
(1221, 'presence', 48, 48, 'Oui', '2018-06-15', '11:15:52'),
(1220, 'luminosite', 49, 49, '50%', '2018-06-15', '11:15:50'),
(1219, 'presence', 48, 48, 'Oui', '2018-06-15', '11:15:48'),
(1218, 'luminosite', 49, 49, '50%', '2018-06-15', '11:15:46'),
(1217, 'presence', 48, 48, 'Oui', '2018-06-15', '11:15:43'),
(1216, 'luminosite', 49, 49, '50%', '2018-06-15', '11:15:41'),
(1215, 'presence', 48, 48, 'Oui', '2018-06-15', '11:15:39'),
(1214, 'luminosite', 49, 49, '50%', '2018-06-15', '11:15:37'),
(1213, 'presence', 48, 48, 'Oui', '2018-06-15', '11:15:35'),
(1212, 'luminosite', 49, 49, '50%', '2018-06-15', '11:15:32'),
(1211, 'presence', 48, 48, 'Oui', '2018-06-15', '11:15:30'),
(1210, 'luminosite', 49, 49, '50%', '2018-06-15', '11:15:28'),
(1209, 'presence', 48, 48, 'Oui', '2018-06-15', '11:15:26'),
(1208, 'luminosite', 49, 49, '50%', '2018-06-15', '11:15:24'),
(1207, 'presence', 48, 48, 'Oui', '2018-06-15', '11:15:22'),
(1206, 'luminosite', 49, 49, '50%', '2018-06-15', '11:15:20'),
(1205, 'presence', 48, 48, 'Oui', '2018-06-15', '11:15:17'),
(1204, 'luminosite', 49, 49, '50%', '2018-06-15', '11:15:15'),
(1203, 'presence', 48, 48, 'Oui', '2018-06-15', '11:15:13'),
(1202, 'luminosite', 49, 49, '50%', '2018-06-15', '11:15:11'),
(1201, 'presence', 48, 48, 'Oui', '2018-06-15', '11:15:09'),
(1200, 'luminosite', 49, 49, '50%', '2018-06-15', '11:15:07'),
(1199, 'presence', 48, 48, 'Oui', '2018-06-15', '11:15:04'),
(1198, 'luminosite', 49, 49, '50%', '2018-06-15', '11:15:02'),
(1197, 'presence', 48, 48, 'Oui', '2018-06-15', '11:15:00'),
(1196, 'luminosite', 49, 49, '50%', '2018-06-15', '11:14:58'),
(1195, 'presence', 48, 48, 'Oui', '2018-06-15', '11:14:56'),
(1194, 'luminosite', 48, 48, '25%', '2018-06-15', '11:14:54'),
(1193, 'presence', 48, 48, 'Oui', '2018-06-15', '11:14:51'),
(1192, 'luminosite', 50, 50, '75%', '2018-06-15', '11:14:49'),
(1191, 'presence', 48, 48, 'Oui', '2018-06-15', '11:14:47'),
(1190, 'luminosite', 50, 50, '75%', '2018-06-15', '11:14:45'),
(1189, 'presence', 48, 48, 'Oui', '2018-06-15', '11:14:43'),
(1188, 'luminosite', 48, 48, '25%', '2018-06-15', '11:14:41'),
(1187, 'presence', 48, 48, 'Oui', '2018-06-15', '11:14:38'),
(1186, 'luminosite', 49, 49, '50%', '2018-06-15', '11:14:36'),
(1185, 'presence', 48, 48, 'Oui', '2018-06-15', '11:14:34'),
(1184, 'luminosite', 48, 48, '25%', '2018-06-15', '11:14:32'),
(1183, 'presence', 48, 48, 'Oui', '2018-06-15', '11:14:30'),
(1182, 'luminosite', 49, 49, '50%', '2018-06-15', '11:14:28'),
(1181, 'presence', 48, 48, 'Oui', '2018-06-15', '11:14:25'),
(1180, 'luminosite', 48, 48, '25%', '2018-06-15', '11:14:23'),
(1179, 'presence', 48, 48, 'Oui', '2018-06-15', '11:14:21'),
(1178, 'luminosite', 50, 50, '75%', '2018-06-15', '11:14:19'),
(1177, 'presence', 48, 48, 'Oui', '2018-06-15', '11:14:17'),
(1176, 'luminosite', 50, 50, '75%', '2018-06-15', '11:14:14'),
(1175, 'presence', 48, 48, 'Oui', '2018-06-15', '11:14:12'),
(1174, 'luminosite', 49, 49, '50%', '2018-06-15', '11:14:10'),
(1173, 'presence', 48, 48, 'Oui', '2018-06-15', '11:14:08'),
(1172, 'luminosite', 48, 48, '25%', '2018-06-15', '11:14:06'),
(1171, 'presence', 48, 48, 'Oui', '2018-06-15', '11:14:04'),
(1170, 'luminosite', 50, 50, '75%', '2018-06-15', '11:14:01'),
(1169, 'presence', 48, 48, 'Oui', '2018-06-15', '11:13:59'),
(1168, 'luminosite', 50, 50, '75%', '2018-06-15', '11:13:57'),
(1167, 'presence', 48, 48, 'Oui', '2018-06-15', '11:13:55'),
(1166, 'luminosite', 50, 50, '75%', '2018-06-15', '11:13:53'),
(1165, 'presence', 48, 48, 'Oui', '2018-06-15', '11:13:51'),
(1164, 'luminosite', 50, 50, '75%', '2018-06-15', '11:13:48'),
(1163, 'presence', 48, 48, 'Oui', '2018-06-15', '11:13:46'),
(1162, 'luminosite', 50, 50, '75%', '2018-06-15', '11:13:44'),
(1161, 'presence', 48, 48, 'Oui', '2018-06-15', '11:13:42'),
(1160, 'luminosite', 50, 50, '75%', '2018-06-15', '11:13:40'),
(1159, 'presence', 48, 48, 'Oui', '2018-06-15', '11:13:38'),
(1158, 'luminosite', 50, 50, '75%', '2018-06-15', '11:13:35'),
(1157, 'presence', 48, 48, 'Oui', '2018-06-15', '11:13:33'),
(1156, 'luminosite', 50, 50, '75%', '2018-06-15', '11:13:31'),
(1155, 'presence', 48, 48, 'Oui', '2018-06-15', '11:13:29'),
(1154, 'luminosite', 50, 50, '75%', '2018-06-15', '11:13:27'),
(1153, 'presence', 48, 48, 'Oui', '2018-06-15', '11:13:25'),
(1152, 'luminosite', 50, 50, '75%', '2018-06-15', '11:13:23'),
(1151, 'presence', 48, 48, 'Oui', '2018-06-15', '11:13:20'),
(1150, 'luminosite', 50, 50, '75%', '2018-06-15', '11:13:18'),
(1149, 'presence', 48, 48, 'Oui', '2018-06-15', '11:13:16'),
(1148, 'luminosite', 50, 50, '75%', '2018-06-15', '11:13:14'),
(1147, 'presence', 48, 48, 'Oui', '2018-06-15', '11:13:12'),
(1146, 'luminosite', 50, 50, '75%', '2018-06-15', '11:13:10'),
(1145, 'presence', 48, 48, 'Oui', '2018-06-15', '11:13:08'),
(1144, 'luminosite', 50, 50, '75%', '2018-06-15', '11:13:05'),
(1143, 'presence', 48, 48, 'Oui', '2018-06-15', '11:13:03'),
(1142, 'luminosite', 50, 50, '75%', '2018-06-15', '11:13:01'),
(1141, 'presence', 48, 48, 'Oui', '2018-06-15', '11:12:59'),
(1140, 'luminosite', 50, 50, '75%', '2018-06-15', '11:12:57'),
(1139, 'presence', 48, 48, 'Oui', '2018-06-15', '11:12:55'),
(1138, 'luminosite', 50, 50, '75%', '2018-06-15', '11:12:52'),
(1137, 'presence', 48, 48, 'Oui', '2018-06-15', '11:12:50'),
(1136, 'luminosite', 50, 50, '75%', '2018-06-15', '11:12:48'),
(1135, 'presence', 48, 48, 'Oui', '2018-06-15', '11:12:46'),
(1134, 'luminosite', 50, 50, '75%', '2018-06-15', '11:12:44'),
(1133, 'presence', 48, 48, 'Oui', '2018-06-15', '11:12:42'),
(1132, 'luminosite', 50, 50, '75%', '2018-06-15', '11:12:40'),
(1131, 'presence', 48, 48, 'Oui', '2018-06-15', '11:12:37'),
(1130, 'luminosite', 50, 50, '75%', '2018-06-15', '11:12:35'),
(1129, 'presence', 48, 48, 'Oui', '2018-06-15', '11:12:33'),
(1128, 'luminosite', 50, 50, '75%', '2018-06-15', '11:12:31'),
(1127, 'presence', 48, 48, 'Oui', '2018-06-15', '11:12:29'),
(1126, 'luminosite', 50, 50, '75%', '2018-06-15', '11:12:27'),
(1125, 'presence', 48, 48, 'Oui', '2018-06-15', '11:12:25'),
(1124, 'luminosite', 50, 50, '75%', '2018-06-15', '11:12:22'),
(1123, 'presence', 48, 48, 'Oui', '2018-06-15', '11:12:20'),
(1122, 'luminosite', 50, 50, '75%', '2018-06-15', '11:12:18'),
(1121, 'presence', 48, 48, 'Oui', '2018-06-15', '11:12:16'),
(1120, 'luminosite', 50, 50, '75%', '2018-06-15', '11:12:14'),
(1119, 'presence', 48, 48, 'Oui', '2018-06-15', '11:12:12'),
(1118, 'luminosite', 49, 49, '50%', '2018-06-15', '11:12:09'),
(1117, 'presence', 48, 48, 'Oui', '2018-06-15', '11:12:07'),
(1116, 'luminosite', 48, 48, '25%', '2018-06-15', '11:12:05'),
(1115, 'presence', 48, 48, 'Oui', '2018-06-15', '11:12:03'),
(1114, 'luminosite', 50, 50, '75%', '2018-06-15', '11:12:01'),
(1113, 'presence', 48, 48, 'Oui', '2018-06-15', '11:11:58'),
(1112, 'luminosite', 50, 50, '75%', '2018-06-15', '11:11:56'),
(1111, 'presence', 48, 48, 'Oui', '2018-06-15', '11:11:54'),
(1110, 'luminosite', 48, 48, '25%', '2018-06-15', '11:11:52'),
(1109, 'presence', 48, 48, 'Oui', '2018-06-15', '11:11:50'),
(1108, 'luminosite', 50, 50, '75%', '2018-06-15', '11:11:48'),
(1107, 'presence', 48, 48, 'Oui', '2018-06-15', '11:11:46'),
(1106, 'luminosite', 48, 48, '25%', '2018-06-15', '11:11:43'),
(1105, 'presence', 48, 48, 'Oui', '2018-06-15', '11:11:41'),
(1104, 'luminosite', 48, 48, '25%', '2018-06-15', '11:11:39'),
(1103, 'presence', 48, 48, 'Oui', '2018-06-15', '11:11:37'),
(1102, 'luminosite', 48, 48, '25%', '2018-06-15', '11:11:35'),
(1101, 'presence', 48, 48, 'Oui', '2018-06-15', '11:11:33'),
(1100, 'luminosite', 50, 50, '75%', '2018-06-15', '11:11:31'),
(1099, 'presence', 48, 48, 'Oui', '2018-06-15', '11:11:28'),
(1098, 'luminosite', 50, 50, '75%', '2018-06-15', '11:11:26'),
(1097, 'presence', 48, 48, 'Oui', '2018-06-15', '11:11:24'),
(1096, 'luminosite', 50, 50, '75%', '2018-06-15', '11:11:22'),
(1095, 'presence', 48, 48, 'Oui', '2018-06-15', '11:11:20'),
(1094, 'luminosite', 48, 48, '25%', '2018-06-15', '11:11:18'),
(1093, 'presence', 48, 48, 'Oui', '2018-06-15', '11:11:15'),
(1092, 'luminosite', 48, 48, '25%', '2018-06-15', '11:11:13'),
(1091, 'presence', 48, 48, 'Oui', '2018-06-15', '11:11:11'),
(1090, 'luminosite', 48, 48, '25%', '2018-06-15', '11:11:09'),
(1089, 'presence', 48, 48, 'Oui', '2018-06-15', '11:11:07'),
(1088, 'luminosite', 48, 48, '25%', '2018-06-15', '11:11:05'),
(1087, 'presence', 48, 48, 'Oui', '2018-06-15', '11:11:02'),
(1086, 'luminosite', 48, 48, '25%', '2018-06-15', '11:11:00'),
(1085, 'presence', 48, 48, 'Oui', '2018-06-15', '11:10:58'),
(1084, 'luminosite', 48, 48, '25%', '2018-06-15', '11:10:56'),
(1083, 'presence', 48, 48, 'Oui', '2018-06-15', '11:10:54'),
(1082, 'luminosite', 48, 48, '25%', '2018-06-15', '11:10:52'),
(1081, 'presence', 48, 48, 'Oui', '2018-06-15', '11:10:50'),
(1080, 'luminosite', 48, 48, '25%', '2018-06-15', '11:10:48'),
(1079, 'presence', 48, 48, 'Oui', '2018-06-15', '11:10:45'),
(1078, 'luminosite', 49, 49, '50%', '2018-06-15', '11:10:43'),
(1077, 'presence', 48, 48, 'Oui', '2018-06-15', '11:10:41'),
(1076, 'luminosite', 48, 48, '25%', '2018-06-15', '11:10:39'),
(1075, 'presence', 49, 49, 'Non', '2018-06-15', '11:10:37'),
(1074, 'luminosite', 48, 48, '25%', '2018-06-15', '11:10:35'),
(1073, 'presence', 49, 49, 'Non', '2018-06-15', '11:10:33'),
(1072, 'luminosite', 48, 48, '25%', '2018-06-15', '11:10:30'),
(1071, 'presence', 49, 49, 'Non', '2018-06-15', '11:10:28'),
(1070, 'luminosite', 48, 48, '25%', '2018-06-15', '11:10:26'),
(1069, 'presence', 49, 49, 'Non', '2018-06-15', '11:10:24'),
(1068, 'luminosite', 48, 48, '25%', '2018-06-15', '11:10:22'),
(1067, 'presence', 48, 48, 'Oui', '2018-06-15', '11:10:19'),
(1066, 'luminosite', 48, 48, '25%', '2018-06-15', '11:10:17'),
(1065, 'presence', 48, 48, 'Oui', '2018-06-15', '11:10:15'),
(1064, 'luminosite', 48, 48, '25%', '2018-06-15', '11:10:13'),
(1063, 'presence', 49, 49, 'Non', '2018-06-15', '11:10:11'),
(1062, 'luminosite', 48, 48, '25%', '2018-06-15', '11:10:09'),
(1061, 'presence', 49, 49, 'Non', '2018-06-15', '11:10:06'),
(1060, 'luminosite', 50, 50, '75%', '2018-06-15', '11:10:04'),
(1059, 'presence', 49, 49, 'Non', '2018-06-15', '11:10:02'),
(1058, 'luminosite', 50, 50, '75%', '2018-06-15', '11:10:00'),
(1057, 'presence', 49, 49, 'Non', '2018-06-15', '11:09:58'),
(1056, 'luminosite', 50, 50, '75%', '2018-06-15', '11:09:56'),
(1055, 'presence', 49, 49, 'Non', '2018-06-15', '11:09:53'),
(1054, 'luminosite', 50, 50, '75%', '2018-06-15', '11:09:51'),
(1053, 'presence', 49, 49, 'Non', '2018-06-15', '11:09:49'),
(1052, 'luminosite', 50, 50, '75%', '2018-06-15', '11:09:47'),
(1051, 'presence', 49, 49, 'Non', '2018-06-15', '11:09:45'),
(1050, 'luminosite', 50, 50, '75%', '2018-06-15', '11:09:43'),
(1049, 'luminosite', 50, 50, '75%', '2018-06-15', '11:06:16'),
(1048, 'presence', 48, 48, 'Oui', '2018-06-15', '11:06:14'),
(1047, 'luminosite', 50, 50, '75%', '2018-06-15', '11:06:12'),
(1046, 'presence', 48, 48, 'Oui', '2018-06-15', '11:06:10'),
(1045, 'luminosite', 50, 50, '75%', '2018-06-15', '11:06:08'),
(1044, 'presence', 48, 48, 'Oui', '2018-06-15', '11:06:06'),
(1043, 'luminosite', 50, 50, '75%', '2018-06-15', '11:06:04'),
(1042, 'presence', 48, 48, 'Oui', '2018-06-15', '11:06:01'),
(1041, 'luminosite', 48, 48, '25%', '2018-06-15', '11:05:59'),
(1040, 'presence', 48, 48, 'Oui', '2018-06-15', '11:05:57'),
(1039, 'luminosite', 49, 49, '50%', '2018-06-15', '11:05:55'),
(1038, 'presence', 48, 48, 'Oui', '2018-06-15', '11:05:53'),
(1037, 'luminosite', 50, 50, '75%', '2018-06-15', '11:05:51'),
(1036, 'presence', 48, 48, 'Oui', '2018-06-15', '11:05:48'),
(1035, 'luminosite', 48, 48, '25%', '2018-06-15', '11:05:46'),
(1034, 'presence', 48, 48, 'Oui', '2018-06-15', '11:05:44'),
(1033, 'luminosite', 48, 48, '25%', '2018-06-15', '11:05:42'),
(1032, 'presence', 48, 48, 'Oui', '2018-06-15', '11:05:40'),
(1031, 'luminosite', 50, 50, '75%', '2018-06-15', '11:05:38'),
(1030, 'presence', 48, 48, 'Oui', '2018-06-15', '11:05:35'),
(1029, 'luminosite', 48, 48, '25%', '2018-06-15', '11:05:33'),
(1028, 'presence', 48, 48, 'Oui', '2018-06-15', '11:05:31'),
(1027, 'luminosite', 48, 48, '25%', '2018-06-15', '11:05:29'),
(1026, 'presence', 48, 48, 'Oui', '2018-06-15', '11:05:27'),
(1025, 'luminosite', 49, 49, '50%', '2018-06-15', '11:05:25'),
(1024, 'presence', 48, 48, 'Oui', '2018-06-15', '11:05:23'),
(1023, 'luminosite', 49, 49, '50%', '2018-06-15', '11:05:20'),
(1022, 'presence', 48, 48, 'Oui', '2018-06-15', '10:41:06'),
(1021, 'luminosite', 50, 50, '75%', '2018-06-15', '10:41:04'),
(1020, 'presence', 48, 48, 'Oui', '2018-06-15', '10:41:02'),
(1019, 'luminosite', 50, 50, '75%', '2018-06-15', '10:41:00'),
(1018, 'presence', 48, 48, 'Oui', '2018-06-15', '10:40:58'),
(1017, 'luminosite', 50, 50, '75%', '2018-06-15', '10:40:56'),
(1016, 'presence', 48, 48, 'Oui', '2018-06-15', '10:40:53'),
(1015, 'luminosite', 50, 50, '75%', '2018-06-15', '10:40:51'),
(1014, 'presence', 48, 48, 'Oui', '2018-06-15', '10:40:49'),
(1013, 'luminosite', 50, 50, '75%', '2018-06-15', '10:40:47'),
(1012, 'presence', 48, 48, 'Oui', '2018-06-15', '10:40:45'),
(1011, 'luminosite', 50, 50, '75%', '2018-06-15', '10:40:43'),
(1010, 'presence', 48, 48, 'Oui', '2018-06-15', '10:40:40'),
(1009, 'luminosite', 50, 50, '75%', '2018-06-15', '10:40:38'),
(1008, 'presence', 48, 48, 'Oui', '2018-06-15', '10:40:36'),
(1007, 'luminosite', 50, 50, '75%', '2018-06-15', '10:40:34'),
(1006, 'presence', 48, 48, 'Oui', '2018-06-15', '10:40:32'),
(1005, 'luminosite', 50, 50, '75%', '2018-06-15', '10:40:29'),
(1004, 'presence', 48, 48, 'Oui', '2018-06-15', '10:40:27'),
(1003, 'luminosite', 50, 50, '75%', '2018-06-15', '10:40:25'),
(1002, 'presence', 48, 48, 'Oui', '2018-06-15', '10:40:23'),
(1001, 'luminosite', 50, 50, '75%', '2018-06-15', '10:40:21'),
(1000, 'presence', 48, 48, 'Oui', '2018-06-15', '10:40:19'),
(999, 'luminosite', 50, 50, '75%', '2018-06-15', '10:40:16'),
(998, 'presence', 48, 48, 'Oui', '2018-06-15', '10:40:14'),
(997, 'luminosite', 50, 50, '75%', '2018-06-15', '10:40:12'),
(996, 'presence', 48, 48, 'Oui', '2018-06-15', '10:40:10'),
(995, 'luminosite', 50, 50, '75%', '2018-06-15', '10:40:07'),
(994, 'presence', 48, 48, 'Oui', '2018-06-15', '10:40:05'),
(993, 'luminosite', 50, 50, '75%', '2018-06-15', '10:40:03'),
(992, 'presence', 48, 48, 'Oui', '2018-06-15', '10:40:01'),
(991, 'luminosite', 50, 50, '75%', '2018-06-15', '10:39:59'),
(990, 'presence', 48, 48, 'Oui', '2018-06-15', '10:39:57'),
(989, 'luminosite', 50, 50, '75%', '2018-06-15', '10:39:54'),
(988, 'presence', 48, 48, 'Oui', '2018-06-15', '10:39:52'),
(987, 'luminosite', 50, 50, '75%', '2018-06-15', '10:39:50'),
(986, 'presence', 48, 48, 'Oui', '2018-06-15', '10:39:48'),
(985, 'luminosite', 50, 50, '75%', '2018-06-15', '10:39:46'),
(984, 'presence', 48, 48, 'Oui', '2018-06-15', '10:39:44'),
(983, 'luminosite', 50, 50, '75%', '2018-06-15', '10:39:42'),
(982, 'presence', 48, 48, 'Oui', '2018-06-15', '10:39:39'),
(981, 'luminosite', 50, 50, '75%', '2018-06-15', '10:39:37'),
(980, 'presence', 48, 48, 'Oui', '2018-06-15', '10:39:35'),
(979, 'luminosite', 50, 50, '75%', '2018-06-15', '10:39:33'),
(978, 'presence', 48, 48, 'Oui', '2018-06-15', '10:39:31'),
(977, 'luminosite', 50, 50, '75%', '2018-06-15', '10:39:29'),
(976, 'presence', 48, 48, 'Oui', '2018-06-15', '10:39:27'),
(975, 'luminosite', 50, 50, '75%', '2018-06-15', '10:39:24'),
(974, 'presence', 48, 48, 'Oui', '2018-06-15', '10:39:22'),
(973, 'luminosite', 50, 50, '75%', '2018-06-15', '10:39:20'),
(972, 'presence', 48, 48, 'Oui', '2018-06-15', '10:39:18'),
(971, 'luminosite', 50, 50, '75%', '2018-06-15', '10:39:16'),
(970, 'presence', 48, 48, 'Oui', '2018-06-15', '10:39:14'),
(969, 'luminosite', 50, 50, '75%', '2018-06-15', '10:39:12'),
(968, 'presence', 48, 48, 'Oui', '2018-06-15', '10:39:09'),
(967, 'luminosite', 50, 50, '75%', '2018-06-15', '10:39:07'),
(966, 'presence', 48, 48, 'Oui', '2018-06-15', '10:39:05'),
(965, 'luminosite', 50, 50, '75%', '2018-06-15', '10:39:03'),
(964, 'presence', 48, 48, 'Oui', '2018-06-15', '10:39:01'),
(963, 'luminosite', 50, 50, '75%', '2018-06-15', '10:38:59'),
(962, 'presence', 48, 48, 'Oui', '2018-06-15', '10:38:57'),
(961, 'luminosite', 50, 50, '75%', '2018-06-15', '10:38:54'),
(960, 'presence', 48, 48, 'Oui', '2018-06-15', '10:38:52'),
(959, 'luminosite', 48, 48, '25%', '2018-06-15', '10:38:50'),
(958, 'presence', 48, 48, 'Oui', '2018-06-15', '10:38:48'),
(957, 'luminosite', 50, 50, '75%', '2018-06-15', '10:38:46'),
(956, 'presence', 48, 48, 'Oui', '2018-06-15', '10:38:43'),
(955, 'luminosite', 50, 50, '75%', '2018-06-15', '10:38:41'),
(954, 'presence', 48, 48, 'Oui', '2018-06-15', '10:38:39'),
(953, 'luminosite', 50, 50, '75%', '2018-06-15', '10:38:37'),
(952, 'presence', 49, 49, 'Non', '2018-06-15', '10:38:35'),
(951, 'luminosite', 50, 50, '75%', '2018-06-15', '10:38:33'),
(950, 'presence', 49, 49, 'Non', '2018-06-15', '10:38:31'),
(949, 'luminosite', 50, 50, '75%', '2018-06-15', '10:38:29'),
(948, 'presence', 49, 49, 'Non', '2018-06-15', '10:38:26'),
(947, 'luminosite', 50, 50, '75%', '2018-06-15', '10:38:24'),
(946, 'presence', 49, 49, 'Non', '2018-06-15', '10:38:22'),
(945, 'luminosite', 50, 50, '75%', '2018-06-15', '10:38:20'),
(944, 'presence', 49, 49, 'Non', '2018-06-15', '10:38:18'),
(943, 'luminosite', 50, 50, '75%', '2018-06-15', '10:38:16'),
(942, 'presence', 49, 49, 'Non', '2018-06-15', '10:38:14'),
(941, 'luminosite', 48, 48, '25%', '2018-06-15', '10:38:12'),
(940, 'presence', 49, 49, 'Non', '2018-06-15', '10:38:09'),
(939, 'luminosite', 50, 50, '75%', '2018-06-15', '10:38:07'),
(938, 'presence', 49, 49, 'Non', '2018-06-15', '10:38:05'),
(937, 'luminosite', 50, 50, '75%', '2018-06-15', '10:38:03'),
(936, 'presence', 49, 49, 'Non', '2018-06-15', '10:38:01'),
(935, 'luminosite', 48, 48, '25%', '2018-06-15', '10:37:59'),
(934, 'presence', 49, 49, 'Non', '2018-06-15', '10:37:56'),
(933, 'luminosite', 48, 48, '25%', '2018-06-15', '10:37:54'),
(932, 'presence', 49, 49, 'Non', '2018-06-15', '10:37:52'),
(931, 'luminosite', 50, 50, '75%', '2018-06-15', '10:37:50'),
(930, 'presence', 48, 48, 'Oui', '2018-06-15', '10:37:48'),
(929, 'luminosite', 50, 50, '75%', '2018-06-15', '10:37:45'),
(928, 'presence', 48, 48, 'Oui', '2018-06-15', '10:37:43'),
(927, 'luminosite', 50, 50, '75%', '2018-06-15', '10:37:41'),
(926, 'presence', 48, 48, 'Oui', '2018-06-15', '10:34:44'),
(925, 'luminosite', 50, 50, '75%', '2018-06-15', '10:34:42'),
(1323, 'luminosite', 49, 49, '50%', '2018-06-15', '11:37:32'),
(1324, 'luminosite', 49, 49, '50%', '2018-06-15', '11:37:36'),
(1325, 'luminosite', 49, 49, '50%', '2018-06-15', '11:37:40'),
(1326, 'luminosite', 49, 49, '50%', '2018-06-15', '11:37:32'),
(1327, 'luminosite', 49, 49, '50%', '2018-06-15', '11:37:36'),
(1328, 'luminosite', 49, 49, '50%', '2018-06-15', '11:37:40'),
(1329, 'luminosite', 49, 49, '50%', '2018-06-26', '10:13:01'),
(1330, 'presence', 49, 49, 'Oui', '2018-06-26', '10:13:03'),
(1331, 'luminosite', 49, 49, '50%', '2018-06-26', '10:22:19'),
(1332, 'luminosite', 49, 49, '50%', '2018-06-26', '10:22:23'),
(1333, 'luminosite', 49, 49, '50%', '2018-06-26', '10:22:36'),
(1334, 'presence', 49, 49, 'Oui', '2018-06-26', '10:22:42'),
(1335, 'presence', 49, 49, 'Oui', '2018-06-26', '10:22:46'),
(1336, 'luminosite', 49, 49, '50%', '2018-06-26', '10:23:16'),
(1337, 'presence', 49, 49, 'Oui', '2018-06-26', '10:23:18'),
(1338, 'luminosite', 49, 49, '50%', '2018-06-26', '10:23:20'),
(1339, 'presence', 48, 48, 'Non', '2018-06-26', '10:29:23'),
(1340, 'luminosite', 48, 48, '25%', '2018-06-26', '10:29:25'),
(1341, 'presence', 48, 48, 'Non', '2018-06-26', '10:29:27'),
(1342, 'luminosite', 49, 49, '50%', '2018-06-26', '10:29:30'),
(1343, 'presence', 49, 49, 'Oui', '2018-06-26', '10:29:32'),
(1344, 'luminosite', 49, 49, '50%', '2018-06-26', '10:29:34'),
(1345, 'presence', 49, 49, 'Oui', '2018-06-26', '10:29:36'),
(1346, 'luminosite', 48, 48, '25%', '2018-06-26', '10:29:38'),
(1347, 'presence', 48, 48, 'Non', '2018-06-26', '10:29:40'),
(1348, 'luminosite', 48, 48, '25%', '2018-06-26', '10:29:42'),
(1349, 'presence', 48, 48, 'Non', '2018-06-26', '10:29:45'),
(1350, 'presence', 49, 49, 'Oui', '2018-06-26', '10:33:51'),
(1351, 'luminosite', 48, 48, '25%', '2018-06-26', '10:33:53'),
(1352, 'presence', 49, 49, 'Oui', '2018-06-26', '10:33:55'),
(1353, 'luminosite', 48, 48, '25%', '2018-06-26', '10:33:58'),
(1354, 'presence', 49, 49, 'Oui', '2018-06-26', '10:34:00'),
(1355, 'luminosite', 48, 48, '25%', '2018-06-26', '10:34:02'),
(1356, 'presence', 49, 49, 'Oui', '2018-06-26', '10:34:04'),
(1357, 'luminosite', 48, 48, '25%', '2018-06-26', '10:34:06'),
(1358, 'presence', 49, 49, 'Oui', '2018-06-26', '10:34:08'),
(1359, 'luminosite', 48, 48, '25%', '2018-06-26', '10:34:11'),
(1360, 'presence', 49, 49, 'Oui', '2018-06-26', '10:34:13'),
(1361, 'luminosite', 48, 48, '25%', '2018-06-26', '10:34:15'),
(1362, 'presence', 49, 49, 'Oui', '2018-06-26', '10:34:17'),
(1363, 'luminosite', 48, 48, '25%', '2018-06-26', '10:34:19'),
(1364, 'presence', 49, 49, 'Oui', '2018-06-26', '10:34:21'),
(1365, 'luminosite', 48, 48, '25%', '2018-06-26', '10:34:23'),
(1366, 'presence', 49, 49, 'Oui', '2018-06-26', '10:34:25'),
(1367, 'luminosite', 48, 48, '25%', '2018-06-26', '10:34:28'),
(1368, 'presence', 49, 49, 'Oui', '2018-06-26', '10:34:30'),
(1369, 'luminosite', 48, 48, '25%', '2018-06-26', '10:34:32'),
(1370, 'presence', 48, 48, 'Non', '2018-06-26', '10:34:34'),
(1371, 'presence', 49, 49, 'Oui', '2018-06-26', '10:40:36'),
(1372, 'luminosite', 48, 48, '25%', '2018-06-26', '10:40:38'),
(1373, 'presence', 49, 49, 'Oui', '2018-06-26', '10:40:40'),
(1374, 'luminosite', 48, 48, '25%', '2018-06-26', '10:40:42'),
(1375, 'presence', 49, 49, 'Oui', '2018-06-26', '10:40:45'),
(1376, 'luminosite', 48, 48, '25%', '2018-06-26', '10:40:47'),
(1377, 'presence', 49, 49, 'Oui', '2018-06-26', '10:40:49'),
(1378, 'luminosite', 48, 48, '25%', '2018-06-26', '10:40:51'),
(1379, 'presence', 49, 49, 'Oui', '2018-06-26', '10:40:53'),
(1380, 'luminosite', 48, 48, '25%', '2018-06-26', '10:40:55'),
(1381, 'presence', 49, 49, 'Oui', '2018-06-26', '10:40:58'),
(1382, 'luminosite', 49, 49, '50%', '2018-06-26', '10:41:00'),
(1383, 'presence', 49, 49, 'Oui', '2018-06-26', '11:35:37'),
(1384, 'luminosite', 49, 49, '50%', '2018-06-26', '11:35:42'),
(1385, 'presence', 49, 49, 'Oui', '2018-06-26', '11:35:48'),
(1386, 'luminosite', 49, 49, '50%', '2018-06-26', '11:35:53'),
(1387, 'presence', 49, 49, 'Oui', '2018-06-26', '11:35:58'),
(1388, 'luminosite', 48, 48, '25%', '2018-06-26', '11:36:03'),
(1389, 'presence', 48, 48, 'Non', '2018-06-26', '11:36:08'),
(1390, 'luminosite', 48, 48, '25%', '2018-06-26', '11:36:13'),
(1391, 'presence', 49, 49, 'Oui', '2018-06-26', '11:36:18'),
(1392, 'luminosite', 48, 48, '25%', '2018-06-26', '11:36:23'),
(1393, 'presence', 49, 49, 'Oui', '2018-06-26', '11:36:29'),
(1394, 'luminosite', 49, 49, '50%', '2018-06-26', '11:36:34'),
(1395, 'presence', 49, 49, 'Oui', '2018-06-26', '11:36:39'),
(1396, 'luminosite', 48, 48, '25%', '2018-06-26', '11:36:44'),
(1397, 'presence', 49, 49, 'Oui', '2018-06-26', '11:36:49'),
(1398, 'presence', 49, 49, 'Oui', '2018-06-26', '11:39:29'),
(1399, 'luminosite', 48, 48, '25%', '2018-06-26', '11:39:35'),
(1400, 'presence', 49, 49, 'Oui', '2018-06-26', '11:39:40'),
(1401, 'luminosite', 48, 48, '25%', '2018-06-26', '11:39:45'),
(1402, 'presence', 49, 49, 'Oui', '2018-06-26', '11:39:50'),
(1403, 'luminosite', 49, 49, '50%', '2018-06-26', '11:39:55'),
(1404, 'presence', 49, 49, 'Oui', '2018-06-26', '11:40:00'),
(1405, 'luminosite', 49, 49, '50%', '2018-06-26', '11:40:05'),
(1406, 'presence', 49, 49, 'Oui', '2018-06-26', '11:40:10'),
(1407, 'luminosite', 49, 49, '50%', '2018-06-26', '11:40:16'),
(1408, 'presence', 49, 49, 'Oui', '2018-06-26', '11:40:21'),
(1409, 'luminosite', 49, 49, '50%', '2018-06-26', '11:40:26'),
(1410, 'presence', 48, 48, 'Non', '2018-06-26', '11:40:31'),
(1411, 'luminosite', 49, 49, '50%', '2018-06-26', '11:40:36'),
(1412, 'presence', 48, 48, 'Non', '2018-06-26', '11:40:41'),
(1413, 'luminosite', 49, 49, '50%', '2018-06-26', '11:40:46'),
(1414, 'presence', 48, 48, 'Non', '2018-06-26', '11:40:51'),
(1415, 'luminosite', 48, 48, '25%', '2018-06-26', '11:40:56'),
(1416, 'presence', 49, 49, 'Oui', '2018-06-26', '11:41:01'),
(1417, 'luminosite', 49, 49, '50%', '2018-06-26', '11:41:07'),
(1418, 'luminosite', 49, 49, '50%', '2018-06-26', '11:41:17'),
(1419, 'luminosite', 49, 49, '50%', '2018-06-26', '11:41:17'),
(1420, 'luminosite', 49, 49, '50%', '2018-06-26', '11:43:43'),
(1421, 'presence', 48, 48, 'Non', '2018-06-26', '11:43:44'),
(1422, 'luminosite', 49, 49, '50%', '2018-06-26', '11:43:45'),
(1423, 'presence', 48, 48, 'Non', '2018-06-26', '11:43:46'),
(1424, 'luminosite', 49, 49, '50%', '2018-06-26', '11:43:47'),
(1425, 'presence', 49, 49, 'Oui', '2018-06-26', '11:43:48'),
(1426, 'luminosite', 49, 49, '50%', '2018-06-26', '11:43:49'),
(1427, 'presence', 49, 49, 'Oui', '2018-06-26', '11:43:51'),
(1428, 'luminosite', 49, 49, '50%', '2018-06-26', '11:43:52'),
(1429, 'presence', 49, 49, 'Oui', '2018-06-26', '11:43:53'),
(1430, 'luminosite', 49, 49, '50%', '2018-06-26', '11:43:54'),
(1431, 'presence', 48, 48, 'Non', '2018-06-26', '11:43:55'),
(1432, 'luminosite', 48, 48, '25%', '2018-06-26', '11:43:56'),
(1433, 'presence', 48, 48, 'Non', '2018-06-26', '11:43:57'),
(1434, 'luminosite', 48, 48, '25%', '2018-06-26', '11:43:58'),
(1435, 'presence', 48, 48, 'Non', '2018-06-26', '11:43:59'),
(1436, 'luminosite', 48, 48, '25%', '2018-06-26', '11:44:00'),
(1437, 'presence', 48, 48, 'Non', '2018-06-26', '11:44:01'),
(1438, 'luminosite', 48, 48, '25%', '2018-06-26', '11:44:02'),
(1439, 'presence', 48, 48, 'Non', '2018-06-26', '11:44:04'),
(1440, 'luminosite', 49, 49, '50%', '2018-06-26', '11:44:05'),
(1441, 'presence', 48, 48, 'Non', '2018-06-26', '11:44:06'),
(1442, 'luminosite', 49, 49, '50%', '2018-06-26', '11:44:07'),
(1443, 'presence', 49, 49, 'Oui', '2018-06-26', '11:44:08'),
(1444, 'luminosite', 50, 50, '75%', '2018-06-26', '11:44:09'),
(1445, 'presence', 49, 49, 'Oui', '2018-06-26', '11:44:10'),
(1446, 'luminosite', 50, 50, '75%', '2018-06-26', '11:44:11'),
(1447, 'presence', 49, 49, 'Oui', '2018-06-26', '11:44:12'),
(1448, 'luminosite', 50, 50, '75%', '2018-06-26', '11:44:13'),
(1449, 'presence', 49, 49, 'Oui', '2018-06-26', '11:44:14'),
(1450, 'luminosite', 50, 50, '75%', '2018-06-26', '11:44:15'),
(1451, 'presence', 48, 48, 'Non', '2018-06-26', '11:44:16'),
(1452, 'luminosite', 49, 49, '50%', '2018-06-26', '11:44:17'),
(1453, 'presence', 48, 48, 'Non', '2018-06-26', '11:44:18'),
(1454, 'luminosite', 48, 48, '25%', '2018-06-26', '11:44:20'),
(1455, 'luminosite', 49, 49, '50%', '2018-06-26', '11:56:13'),
(1456, 'presence', 48, 48, 'Non', '2018-06-26', '11:56:14'),
(1457, 'luminosite', 49, 49, '50%', '2018-06-26', '11:56:15'),
(1458, 'presence', 48, 48, 'Non', '2018-06-26', '11:56:16'),
(1459, 'luminosite', 49, 49, '50%', '2018-06-26', '11:56:17'),
(1460, 'presence', 48, 48, 'Non', '2018-06-26', '11:56:19'),
(1461, 'luminosite', 49, 49, '50%', '2018-06-26', '11:56:20'),
(1462, 'presence', 48, 48, 'Non', '2018-06-26', '11:56:21'),
(1463, 'luminosite', 49, 49, '50%', '2018-06-26', '11:56:22'),
(1464, 'luminosite', 49, 49, '50%', '2018-06-26', '12:05:35'),
(1465, 'presence', 48, 48, 'Non', '2018-06-26', '12:05:36'),
(1466, 'luminosite', 49, 49, '50%', '2018-06-26', '12:05:37'),
(1467, 'presence', 48, 48, 'Non', '2018-06-26', '12:05:38'),
(1468, 'luminosite', 49, 49, '50%', '2018-06-26', '12:05:40'),
(1469, 'presence', 48, 48, 'Non', '2018-06-26', '12:05:41'),
(1470, 'luminosite', 49, 49, '50%', '2018-06-26', '12:05:42'),
(1471, 'presence', 48, 48, 'Non', '2018-06-26', '12:05:43'),
(1472, 'luminosite', 48, 48, '25%', '2018-06-26', '12:05:44'),
(1473, 'luminosite', 49, 49, '50%', '2018-06-26', '12:10:45'),
(1474, 'presence', 48, 48, 'Non', '2018-06-26', '12:10:46'),
(1475, 'luminosite', 49, 49, '50%', '2018-06-26', '12:10:47'),
(1476, 'presence', 48, 48, 'Non', '2018-06-26', '12:10:48'),
(1477, 'luminosite', 49, 49, '50%', '2018-06-26', '12:10:49'),
(1478, 'presence', 48, 48, 'Non', '2018-06-26', '12:10:50'),
(1479, 'luminosite', 49, 49, '50%', '2018-06-26', '12:10:51'),
(1480, 'presence', 48, 48, 'Non', '2018-06-26', '12:10:52'),
(1481, 'luminosite', 49, 49, '50%', '2018-06-26', '12:10:53'),
(1482, 'presence', 48, 48, 'Non', '2018-06-26', '12:10:55'),
(1483, 'luminosite', 49, 49, '50%', '2018-06-26', '12:10:56'),
(1484, 'presence', 48, 48, 'Non', '2018-06-26', '12:10:57'),
(1485, 'luminosite', 49, 49, '50%', '2018-06-26', '12:10:58'),
(1486, 'presence', 48, 48, 'Non', '2018-06-26', '12:10:59'),
(1487, 'luminosite', 49, 49, '50%', '2018-06-26', '12:11:00'),
(1488, 'presence', 48, 48, 'Non', '2018-06-26', '12:11:01'),
(1489, 'luminosite', 49, 49, '50%', '2018-06-26', '12:11:02'),
(1490, 'presence', 48, 48, 'Non', '2018-06-26', '12:11:03'),
(1491, 'luminosite', 49, 49, '50%', '2018-06-26', '12:11:04'),
(1492, 'presence', 48, 48, 'Non', '2018-06-26', '12:11:05'),
(1493, 'luminosite', 49, 49, '50%', '2018-06-26', '12:11:06'),
(1494, 'presence', 48, 48, 'Non', '2018-06-26', '12:11:07'),
(1495, 'luminosite', 49, 49, '50%', '2018-06-26', '12:11:08'),
(1496, 'presence', 48, 48, 'Non', '2018-06-26', '12:11:09'),
(1497, 'luminosite', 49, 49, '50%', '2018-06-26', '12:11:10'),
(1498, 'presence', 48, 48, 'Non', '2018-06-26', '12:11:12'),
(1499, 'luminosite', 49, 49, '50%', '2018-06-26', '12:11:13'),
(1500, 'presence', 48, 48, 'Non', '2018-06-26', '12:11:14'),
(1501, 'luminosite', 49, 49, '50%', '2018-06-26', '12:11:15'),
(1502, 'presence', 48, 48, 'Non', '2018-06-26', '12:11:16'),
(1503, 'luminosite', 49, 49, '50%', '2018-06-26', '12:11:17'),
(1504, 'presence', 48, 48, 'Non', '2018-06-26', '12:11:18'),
(1505, 'luminosite', 49, 49, '50%', '2018-06-26', '12:11:19'),
(1506, 'presence', 48, 48, 'Non', '2018-06-26', '12:11:20'),
(1507, 'luminosite', 49, 49, '50%', '2018-06-26', '13:37:40'),
(1508, 'presence', 48, 48, 'Non', '2018-06-26', '13:37:41'),
(1509, 'luminosite', 49, 49, '50%', '2018-06-26', '13:37:43'),
(1510, 'presence', 49, 49, 'Oui', '2018-06-26', '13:37:44'),
(1511, 'luminosite', 49, 49, '50%', '2018-06-26', '13:37:45'),
(1512, 'presence', 49, 49, 'Oui', '2018-06-26', '13:37:46'),
(1513, 'luminosite', 49, 49, '50%', '2018-06-26', '13:37:47'),
(1514, 'presence', 49, 49, 'Oui', '2018-06-26', '13:37:48'),
(1515, 'luminosite', 49, 49, '50%', '2018-06-26', '13:37:49'),
(1516, 'presence', 49, 49, 'Oui', '2018-06-26', '13:37:50'),
(1517, 'luminosite', 49, 49, '50%', '2018-06-26', '13:37:51'),
(1518, 'presence', 49, 49, 'Oui', '2018-06-26', '13:37:52'),
(1519, 'luminosite', 49, 49, '50%', '2018-06-26', '13:37:53'),
(1520, 'presence', 49, 49, 'Oui', '2018-06-26', '13:37:54'),
(1521, 'luminosite', 49, 49, '50%', '2018-06-26', '13:37:55'),
(1522, 'presence', 49, 49, 'Oui', '2018-06-26', '13:37:56'),
(1523, 'luminosite', 49, 49, '50%', '2018-06-26', '13:37:57'),
(1524, 'presence', 49, 49, 'Oui', '2018-06-26', '13:37:58'),
(1525, 'luminosite', 49, 49, '50%', '2018-06-26', '13:38:00'),
(1526, 'presence', 49, 49, 'Oui', '2018-06-26', '13:38:01'),
(1527, 'luminosite', 49, 49, '50%', '2018-06-26', '13:38:02'),
(1528, 'presence', 49, 49, 'Oui', '2018-06-26', '13:38:03'),
(1529, 'luminosite', 49, 49, '50%', '2018-06-26', '13:38:04'),
(1530, 'presence', 49, 49, 'Oui', '2018-06-26', '13:38:05'),
(1531, 'luminosite', 49, 49, '50%', '2018-06-26', '13:38:06'),
(1532, 'presence', 49, 49, 'Oui', '2018-06-26', '13:38:07'),
(1533, 'luminosite', 49, 49, '50%', '2018-06-26', '13:38:08'),
(1534, 'presence', 49, 49, 'Oui', '2018-06-26', '13:38:09'),
(1535, 'luminosite', 49, 49, '50%', '2018-06-26', '13:38:10'),
(1536, 'presence', 49, 49, 'Oui', '2018-06-26', '13:38:11'),
(1537, 'luminosite', 49, 49, '50%', '2018-06-26', '13:38:12'),
(1538, 'presence', 49, 49, 'Oui', '2018-06-26', '13:38:13'),
(1539, 'luminosite', 49, 49, '50%', '2018-06-26', '13:38:14'),
(1540, 'presence', 49, 49, 'Oui', '2018-06-26', '13:38:16'),
(1541, 'luminosite', 49, 49, '50%', '2018-06-26', '13:38:17'),
(1542, 'presence', 49, 49, 'Oui', '2018-06-26', '13:38:18'),
(1543, 'luminosite', 49, 49, '50%', '2018-06-26', '13:38:19'),
(1544, 'presence', 49, 49, 'Oui', '2018-06-26', '13:38:20'),
(1545, 'luminosite', 49, 49, '50%', '2018-06-26', '13:38:21'),
(1546, 'presence', 48, 48, 'Non', '2018-06-26', '13:38:22'),
(1547, 'luminosite', 49, 49, '50%', '2018-06-26', '13:38:23'),
(1548, 'presence', 48, 48, 'Non', '2018-06-26', '13:38:24'),
(1549, 'luminosite', 49, 49, '50%', '2018-06-26', '13:38:25'),
(1550, 'presence', 48, 48, 'Non', '2018-06-26', '13:38:26'),
(1551, 'luminosite', 49, 49, '50%', '2018-06-26', '13:38:27'),
(1552, 'presence', 48, 48, 'Non', '2018-06-26', '13:38:28'),
(1553, 'luminosite', 49, 49, '50%', '2018-06-26', '13:38:29'),
(1554, 'presence', 48, 48, 'Non', '2018-06-26', '13:38:30'),
(1555, 'luminosite', 49, 49, '50%', '2018-06-26', '13:38:32'),
(1556, 'presence', 48, 48, 'Non', '2018-06-26', '13:38:33'),
(1557, 'luminosite', 49, 49, '50%', '2018-06-26', '13:38:34'),
(1558, 'presence', 48, 48, 'Non', '2018-06-26', '13:38:35'),
(1559, 'luminosite', 49, 49, '50%', '2018-06-26', '13:38:36'),
(1560, 'presence', 48, 48, 'Non', '2018-06-26', '13:38:37'),
(1561, 'luminosite', 49, 49, '50%', '2018-06-26', '13:38:38'),
(1562, 'presence', 48, 48, 'Non', '2018-06-26', '13:38:39'),
(1563, 'luminosite', 49, 49, '50%', '2018-06-26', '13:38:40'),
(1564, 'presence', 48, 48, 'Non', '2018-06-26', '13:38:41'),
(1565, 'luminosite', 49, 49, '50%', '2018-06-26', '13:38:42'),
(1566, 'presence', 48, 48, 'Non', '2018-06-26', '13:38:43'),
(1567, 'luminosite', 49, 49, '50%', '2018-06-26', '13:38:44'),
(1568, 'presence', 49, 49, 'Oui', '2018-06-26', '13:38:45'),
(1569, 'luminosite', 49, 49, '50%', '2018-06-26', '13:38:46'),
(1570, 'presence', 49, 49, 'Oui', '2018-06-26', '13:38:48'),
(1571, 'luminosite', 49, 49, '50%', '2018-06-26', '13:38:49'),
(1572, 'presence', 49, 49, 'Oui', '2018-06-26', '13:38:50'),
(1573, 'luminosite', 49, 49, '50%', '2018-06-26', '13:38:51'),
(1574, 'presence', 49, 49, 'Oui', '2018-06-26', '13:38:52'),
(1575, 'luminosite', 49, 49, '50%', '2018-06-26', '13:38:53'),
(1576, 'presence', 49, 49, 'Oui', '2018-06-26', '13:38:54'),
(1577, 'luminosite', 49, 49, '50%', '2018-06-26', '13:38:55'),
(1578, 'presence', 48, 48, 'Non', '2018-06-26', '13:38:56'),
(1579, 'luminosite', 49, 49, '50%', '2018-06-26', '13:38:57'),
(1580, 'presence', 48, 48, 'Non', '2018-06-26', '13:38:58'),
(1581, 'luminosite', 48, 48, '25%', '2018-06-26', '13:38:59'),
(1582, 'presence', 48, 48, 'Non', '2018-06-26', '13:39:00'),
(1583, 'luminosite', 48, 48, '25%', '2018-06-26', '13:39:01'),
(1584, 'presence', 48, 48, 'Non', '2018-06-26', '13:39:02'),
(1585, 'luminosite', 48, 48, '25%', '2018-06-26', '13:39:04'),
(1586, 'presence', 48, 48, 'Non', '2018-06-26', '13:39:05'),
(1587, 'luminosite', 48, 48, '25%', '2018-06-26', '13:39:06'),
(1588, 'presence', 48, 48, 'Non', '2018-06-26', '13:39:07'),
(1589, 'luminosite', 48, 48, '25%', '2018-06-26', '13:39:08'),
(1590, 'presence', 48, 48, 'Non', '2018-06-26', '13:39:09'),
(1591, 'luminosite', 48, 48, '25%', '2018-06-26', '13:39:10'),
(1592, 'presence', 48, 48, 'Non', '2018-06-26', '13:39:11'),
(1593, 'luminosite', 48, 48, '25%', '2018-06-26', '13:39:12'),
(1594, 'presence', 48, 48, 'Non', '2018-06-26', '13:39:13'),
(1595, 'luminosite', 49, 49, '50%', '2018-06-26', '13:39:14'),
(1596, 'presence', 48, 48, 'Non', '2018-06-26', '13:39:15'),
(1597, 'luminosite', 49, 49, '50%', '2018-06-26', '13:39:16'),
(1598, 'presence', 48, 48, 'Non', '2018-06-26', '13:39:17'),
(1599, 'luminosite', 49, 49, '50%', '2018-06-26', '13:39:18'),
(1600, 'presence', 48, 48, 'Non', '2018-06-26', '13:39:20'),
(1601, 'luminosite', 49, 49, '50%', '2018-06-26', '13:39:21'),
(1602, 'presence', 48, 48, 'Non', '2018-06-26', '13:39:22'),
(1603, 'luminosite', 49, 49, '50%', '2018-06-26', '13:39:23'),
(1604, 'presence', 48, 48, 'Non', '2018-06-26', '13:39:24'),
(1605, 'luminosite', 49, 49, '50%', '2018-06-26', '13:39:25'),
(1606, 'presence', 48, 48, 'Non', '2018-06-26', '13:39:26'),
(1607, 'luminosite', 49, 49, '50%', '2018-06-26', '13:39:27'),
(1608, 'presence', 49, 49, 'Oui', '2018-06-26', '13:39:28'),
(1609, 'luminosite', 49, 49, '50%', '2018-06-26', '13:39:29'),
(1610, 'presence', 49, 49, 'Oui', '2018-06-26', '13:39:30'),
(1611, 'luminosite', 50, 50, '75%', '2018-06-26', '13:39:31'),
(1612, 'presence', 48, 48, 'Non', '2018-06-26', '13:39:32'),
(1613, 'luminosite', 50, 50, '75%', '2018-06-26', '13:39:33'),
(1614, 'presence', 48, 48, 'Non', '2018-06-26', '13:39:34'),
(1615, 'luminosite', 50, 50, '75%', '2018-06-26', '13:39:36'),
(1616, 'presence', 48, 48, 'Non', '2018-06-26', '13:39:37'),
(1617, 'luminosite', 49, 49, '50%', '2018-06-26', '13:39:38'),
(1618, 'presence', 48, 48, 'Non', '2018-06-26', '13:39:39'),
(1619, 'luminosite', 49, 49, '50%', '2018-06-26', '13:39:40'),
(1620, 'presence', 48, 48, 'Non', '2018-06-26', '13:39:41'),
(1621, 'luminosite', 49, 49, '50%', '2018-06-26', '13:39:42'),
(1622, 'presence', 48, 48, 'Non', '2018-06-26', '13:39:43'),
(1623, 'luminosite', 49, 49, '50%', '2018-06-26', '13:39:44'),
(1624, 'presence', 48, 48, 'Non', '2018-06-26', '13:39:45'),
(1625, 'luminosite', 49, 49, '50%', '2018-06-26', '13:39:46'),
(1626, 'presence', 48, 48, 'Non', '2018-06-26', '13:39:47'),
(1627, 'luminosite', 49, 49, '50%', '2018-06-26', '13:39:48'),
(1628, 'presence', 48, 48, 'Non', '2018-06-26', '13:39:49'),
(1629, 'luminosite', 49, 49, '50%', '2018-06-26', '13:39:50'),
(1630, 'presence', 48, 48, 'Non', '2018-06-26', '13:39:52'),
(1631, 'luminosite', 49, 49, '50%', '2018-06-26', '13:39:53'),
(1632, 'presence', 48, 48, 'Non', '2018-06-26', '13:39:54'),
(1633, 'luminosite', 49, 49, '50%', '2018-06-26', '13:39:55'),
(1634, 'presence', 49, 49, 'Oui', '2018-06-26', '13:39:56'),
(1635, 'luminosite', 49, 49, '50%', '2018-06-26', '13:39:57'),
(1636, 'presence', 48, 48, 'Non', '2018-06-26', '13:39:58'),
(1637, 'luminosite', 49, 49, '50%', '2018-06-26', '13:39:59'),
(1638, 'presence', 49, 49, 'Oui', '2018-06-26', '13:40:00'),
(1639, 'luminosite', 49, 49, '50%', '2018-06-26', '13:40:01'),
(1640, 'presence', 49, 49, 'Oui', '2018-06-26', '13:40:02'),
(1641, 'luminosite', 49, 49, '50%', '2018-06-26', '13:40:03'),
(1642, 'presence', 49, 49, 'Oui', '2018-06-26', '13:40:04'),
(1643, 'luminosite', 49, 49, '50%', '2018-06-26', '13:40:05'),
(1644, 'presence', 49, 49, 'Oui', '2018-06-26', '13:40:06'),
(1645, 'luminosite', 49, 49, '50%', '2018-06-26', '13:40:08'),
(1646, 'presence', 49, 49, 'Oui', '2018-06-26', '13:40:09'),
(1647, 'luminosite', 49, 49, '50%', '2018-06-26', '13:40:10'),
(1648, 'presence', 49, 49, 'Oui', '2018-06-26', '13:40:11'),
(1649, 'luminosite', 49, 49, '50%', '2018-06-26', '13:40:12'),
(1650, 'presence', 49, 49, 'Oui', '2018-06-26', '13:40:13'),
(1651, 'luminosite', 49, 49, '50%', '2018-06-26', '13:40:14'),
(1652, 'presence', 49, 49, 'Oui', '2018-06-26', '13:40:15'),
(1653, 'luminosite', 49, 49, '50%', '2018-06-26', '13:40:16'),
(1654, 'presence', 48, 48, 'Non', '2018-06-26', '13:40:17'),
(1655, 'luminosite', 49, 49, '50%', '2018-06-26', '13:40:18'),
(1656, 'presence', 48, 48, 'Non', '2018-06-26', '13:40:19'),
(1657, 'luminosite', 49, 49, '50%', '2018-06-26', '13:40:20'),
(1658, 'presence', 48, 48, 'Non', '2018-06-26', '13:40:21'),
(1659, 'luminosite', 49, 49, '50%', '2018-06-26', '13:40:22'),
(1660, 'presence', 48, 48, 'Non', '2018-06-26', '13:40:24'),
(1661, 'luminosite', 49, 49, '50%', '2018-06-26', '13:40:25'),
(1662, 'presence', 48, 48, 'Non', '2018-06-26', '13:40:26'),
(1663, 'luminosite', 49, 49, '50%', '2018-06-26', '13:40:27'),
(1664, 'presence', 48, 48, 'Non', '2018-06-26', '13:40:28'),
(1665, 'luminosite', 49, 49, '50%', '2018-06-26', '13:40:29'),
(1666, 'presence', 48, 48, 'Non', '2018-06-26', '13:40:30'),
(1667, 'luminosite', 48, 48, '25%', '2018-06-26', '13:40:31'),
(1668, 'presence', 48, 48, 'Non', '2018-06-26', '13:40:32'),
(1669, 'luminosite', 48, 48, '25%', '2018-06-26', '13:40:33'),
(1670, 'presence', 48, 48, 'Non', '2018-06-26', '13:40:34'),
(1671, 'luminosite', 48, 48, '25%', '2018-06-26', '13:40:35'),
(1672, 'presence', 48, 48, 'Non', '2018-06-26', '13:40:36'),
(1673, 'luminosite', 48, 48, '25%', '2018-06-26', '13:40:37'),
(1674, 'presence', 48, 48, 'Non', '2018-06-26', '13:40:38'),
(1675, 'luminosite', 48, 48, '25%', '2018-06-26', '13:40:40'),
(1676, 'presence', 48, 48, 'Non', '2018-06-26', '13:40:41'),
(1677, 'luminosite', 48, 48, '25%', '2018-06-26', '13:40:42'),
(1678, 'presence', 48, 48, 'Non', '2018-06-26', '13:40:43'),
(1679, 'luminosite', 48, 48, '25%', '2018-06-26', '13:40:44'),
(1680, 'presence', 48, 48, 'Non', '2018-06-26', '13:40:45'),
(1681, 'luminosite', 48, 48, '25%', '2018-06-26', '13:40:46'),
(1682, 'presence', 48, 48, 'Non', '2018-06-26', '13:40:47'),
(1683, 'luminosite', 49, 49, '50%', '2018-06-26', '13:40:48'),
(1684, 'presence', 48, 48, 'Non', '2018-06-26', '13:40:49'),
(1685, 'luminosite', 48, 48, '25%', '2018-06-26', '13:40:50'),
(1686, 'presence', 48, 48, 'Non', '2018-06-26', '13:40:51'),
(1687, 'luminosite', 48, 48, '25%', '2018-06-26', '13:40:52'),
(1688, 'presence', 48, 48, 'Non', '2018-06-26', '13:40:53'),
(1689, 'luminosite', 48, 48, '25%', '2018-06-26', '13:40:54'),
(1690, 'presence', 48, 48, 'Non', '2018-06-26', '13:40:56'),
(1691, 'luminosite', 48, 48, '25%', '2018-06-26', '13:40:57'),
(1692, 'presence', 48, 48, 'Non', '2018-06-26', '13:40:58'),
(1693, 'luminosite', 48, 48, '25%', '2018-06-26', '13:40:59'),
(1694, 'presence', 48, 48, 'Non', '2018-06-26', '13:41:00'),
(1695, 'luminosite', 49, 49, '50%', '2018-06-26', '13:41:01'),
(1696, 'presence', 49, 49, 'Oui', '2018-06-26', '13:41:02'),
(1697, 'luminosite', 49, 49, '50%', '2018-06-26', '13:41:03'),
(1698, 'presence', 48, 48, 'Non', '2018-06-26', '13:41:04'),
(1699, 'luminosite', 49, 49, '50%', '2018-06-26', '13:41:05'),
(1700, 'presence', 48, 48, 'Non', '2018-06-26', '13:41:06'),
(1701, 'luminosite', 49, 49, '50%', '2018-06-26', '13:41:07'),
(1702, 'presence', 48, 48, 'Non', '2018-06-26', '13:41:08'),
(1703, 'luminosite', 49, 49, '50%', '2018-06-26', '13:41:09'),
(1704, 'presence', 48, 48, 'Non', '2018-06-26', '13:41:10'),
(1705, 'luminosite', 49, 49, '50%', '2018-06-26', '13:41:12'),
(1706, 'presence', 48, 48, 'Non', '2018-06-26', '13:41:13'),
(1707, 'luminosite', 49, 49, '50%', '2018-06-26', '13:41:14'),
(1708, 'presence', 48, 48, 'Non', '2018-06-26', '13:41:15'),
(1709, 'luminosite', 49, 49, '50%', '2018-06-26', '13:41:16'),
(1710, 'presence', 48, 48, 'Non', '2018-06-26', '13:41:17'),
(1711, 'luminosite', 49, 49, '50%', '2018-06-26', '13:41:18'),
(1712, 'presence', 48, 48, 'Non', '2018-06-26', '13:41:19'),
(1713, 'luminosite', 49, 49, '50%', '2018-06-26', '13:41:20'),
(1714, 'presence', 48, 48, 'Non', '2018-06-26', '13:41:21'),
(1715, 'luminosite', 49, 49, '50%', '2018-06-26', '13:41:22'),
(1716, 'presence', 48, 48, 'Non', '2018-06-26', '13:41:23'),
(1717, 'luminosite', 49, 49, '50%', '2018-06-26', '13:41:24'),
(1718, 'presence', 48, 48, 'Non', '2018-06-26', '13:41:25'),
(1719, 'luminosite', 49, 49, '50%', '2018-06-26', '13:41:26'),
(1720, 'presence', 48, 48, 'Non', '2018-06-26', '13:41:28'),
(1721, 'luminosite', 49, 49, '50%', '2018-06-26', '13:41:29'),
(1722, 'presence', 48, 48, 'Non', '2018-06-26', '13:41:30');

-- --------------------------------------------------------

--
-- Structure de la table `gestionnaire`
--

DROP TABLE IF EXISTS `gestionnaire`;
CREATE TABLE IF NOT EXISTS `gestionnaire` (
  `Id_gestionnaire` int(11) NOT NULL AUTO_INCREMENT,
  `Nom` varchar(255) NOT NULL,
  `Prenom` varchar(255) NOT NULL,
  `Identifiant` varchar(255) NOT NULL,
  `Mot_de_passe` varchar(255) NOT NULL,
  PRIMARY KEY (`Id_gestionnaire`)
) ENGINE=MyISAM DEFAULT CHARSET=latin1;

-- --------------------------------------------------------

--
-- Structure de la table `logement`
--

DROP TABLE IF EXISTS `logement`;
CREATE TABLE IF NOT EXISTS `logement` (
  `Id_logement` int(11) NOT NULL AUTO_INCREMENT,
  `Superficie` int(11) NOT NULL,
  `Utilisateur_principal` int(11) NOT NULL,
  `Consommation` int(11) NOT NULL,
  PRIMARY KEY (`Id_logement`)
) ENGINE=MyISAM AUTO_INCREMENT=46 DEFAULT CHARSET=latin1;

--
-- Déchargement des données de la table `logement`
--

INSERT INTO `logement` (`Id_logement`, `Superficie`, `Utilisateur_principal`, `Consommation`) VALUES
(25, 57, 26, 101),
(39, 57, 45, 0),
(42, 100, 48, 0),
(43, 14, 49, 0),
(44, 24, 50, 0),
(45, 100, 51, 0);

-- --------------------------------------------------------

--
-- Structure de la table `messagerie`
--

DROP TABLE IF EXISTS `messagerie`;
CREATE TABLE IF NOT EXISTS `messagerie` (
  `Id_message` int(11) NOT NULL AUTO_INCREMENT,
  `Expediteur` varchar(255) NOT NULL,
  `Destinataire` varchar(255) NOT NULL,
  `Contenu` text NOT NULL,
  `objet` varchar(255) NOT NULL,
  `date` date NOT NULL,
  PRIMARY KEY (`Id_message`)
) ENGINE=MyISAM AUTO_INCREMENT=9 DEFAULT CHARSET=latin1;

--
-- Déchargement des données de la table `messagerie`
--

INSERT INTO `messagerie` (`Id_message`, `Expediteur`, `Destinataire`, `Contenu`, `objet`, `date`) VALUES
(7, 'albinlh@gmail.com', 'admin', 'aaaaaaa', 'Capteur défaillant', '2018-06-22'),
(6, 'albinlh@gmail.com', 'admin', 'Bonjour, j\'ai un problème ...', 'Problème chambre 2', '2018-06-15'),
(8, 'laresisep', 'admin', 'dhfgdf', 'Bonjour', '2018-06-26');

-- --------------------------------------------------------

--
-- Structure de la table `personne`
--

DROP TABLE IF EXISTS `personne`;
CREATE TABLE IF NOT EXISTS `personne` (
  `Id_personne` int(255) NOT NULL AUTO_INCREMENT,
  `Nom` varchar(255) NOT NULL,
  `Prenom` varchar(255) NOT NULL,
  `Identifiant` varchar(255) NOT NULL,
  `Mot_de_passe` varchar(255) NOT NULL,
  `GENRE` varchar(5) NOT NULL,
  PRIMARY KEY (`Id_personne`)
) ENGINE=MyISAM AUTO_INCREMENT=52 DEFAULT CHARSET=latin1;

--
-- Déchargement des données de la table `personne`
--

INSERT INTO `personne` (`Id_personne`, `Nom`, `Prenom`, `Identifiant`, `Mot_de_passe`, `GENRE`) VALUES
(49, 'Lares', 'Isep', 'laresisep', '93046758d21048ae10e9fa249537aa79', 'M'),
(50, 'Inore', 'Robert', 'robertdupont', '93046758d21048ae10e9fa249537aa79', 'M'),
(26, 'De Villepin', 'Come', 'come', 'com', 'M'),
(45, 'LEFEVRE', 'Jean-Charles', 'jean-charles.lefevre@isep.fr', 'Bonjour', 'M'),
(48, 'INORE', 'Kevin', 'kevkev', '6df9ad6a346a45561e7606a13d29ceb7', 'M'),
(51, 'Conde', 'Patricia', 'pconde', '288dad19f5d4ac4dd359c07444741d52', 'F');

-- --------------------------------------------------------

--
-- Structure de la table `piece`
--

DROP TABLE IF EXISTS `piece`;
CREATE TABLE IF NOT EXISTS `piece` (
  `Id_piece` int(11) NOT NULL AUTO_INCREMENT,
  `Nom` varchar(255) NOT NULL,
  `Superficie` int(11) NOT NULL,
  `Id_logement` int(11) NOT NULL,
  PRIMARY KEY (`Id_piece`)
) ENGINE=MyISAM AUTO_INCREMENT=80 DEFAULT CHARSET=latin1;

--
-- Déchargement des données de la table `piece`
--

INSERT INTO `piece` (`Id_piece`, `Nom`, `Superficie`, `Id_logement`) VALUES
(58, 'CuisineCome', 12, 25),
(57, 'SalonCome', 14, 25),
(78, 'albin', 2, 42),
(61, 'ComeChambre', 2, 25),
(79, 'Chambre1', 12, 44);

-- --------------------------------------------------------

--
-- Structure de la table `utilisateur`
--

DROP TABLE IF EXISTS `utilisateur`;
CREATE TABLE IF NOT EXISTS `utilisateur` (
  `Id_person` int(11) NOT NULL AUTO_INCREMENT,
  `Niveau_de_droit` int(11) NOT NULL,
  `Adresse` varchar(255) NOT NULL,
  `Ville` varchar(255) NOT NULL,
  `Code_postal` bigint(20) NOT NULL,
  `Id_logement` int(11) NOT NULL,
  PRIMARY KEY (`Id_person`)
) ENGINE=MyISAM AUTO_INCREMENT=52 DEFAULT CHARSET=latin1;

--
-- Déchargement des données de la table `utilisateur`
--

INSERT INTO `utilisateur` (`Id_person`, `Niveau_de_droit`, `Adresse`, `Ville`, `Code_postal`, `Id_logement`) VALUES
(26, 1, '10 rue de come', 'Saint Ger', 90000, 25),
(45, 1, '29 avenue du Général Leclerc', 'Boulogne Billancourt', 92100, 39),
(49, 1, '12 rue de vanves', 'issy les moulineaux', 92110, 43),
(48, 1, '12 rue de Kevin', 'Sarcelles', 95200, 42),
(50, 1, '12 rue de four', 'Boulogne', 92100, 44),
(51, 1, '10 rue de Vanves', 'issy les moulineaux', 92130, 45);
COMMIT;

/*!40101 SET CHARACTER_SET_CLIENT=@OLD_CHARACTER_SET_CLIENT */;
/*!40101 SET CHARACTER_SET_RESULTS=@OLD_CHARACTER_SET_RESULTS */;
/*!40101 SET COLLATION_CONNECTION=@OLD_COLLATION_CONNECTION */;
